[
    {
        "fname": "Umang",
        "lname": "Bheda",
        "gender": "M",
        "email": "umang@gmail.com",
        "password": "123",
        "address": "Bhayender",
        "previousOrg": "Infy",
        "startDate": "Wed Jul 06 2022 15:53:04 GMT+0530 (India Standard Time)",
        "endDate": "Wed Jul 06 2022 15:53:04 GMT+0530 (India Standard Time)",
        "primarySkill": "Javascript",
        "priEx": 1,
        "secondarySkill": "React",
        "secEx": 1,
        "isAdmin": false
    },
    {
        "fname": "Yograj",
        "lname": "Gurav",
        "gender": "M",
        "email": "yograj@gmail.com",
        "password": "123",
        "address": "Kalwa",
        "previousOrg": "Wipro",
        "startDate": "Wed Jul 06 2022 15:53:04 GMT+0530 (India Standard Time)",
        "endDate": "Wed Jul 06 2022 15:53:04 GMT+0530 (India Standard Time)",
        "primarySkill": "Java",
        "priEx": 1,
        "secondarySkill": "R",
        "secEx": 1,
        "isAdmin": false
    },
    {
        "fname": "Shashwat",
        "lname": "Gupta",
        "gender": "M",
        "email": "shashwat@gmail.com",
        "password": "123",
        "address": "Chembur",
        "previousOrg": "LTI",
        "startDate": "Wed Jul 06 2022 15:53:04 GMT+0530 (India Standard Time)",
        "endDate": "Wed Jul 06 2022 15:53:04 GMT+0530 (India Standard Time)",
        "primarySkill": "Python",
        "priEx": 2,
        "secondarySkill": "c#",
        "secEx": 1,
        "isAdmin": false
    },
    {
        "fname": "Fravash",
        "lname": "Mohta",
        "gender": "M",
        "email": "fravash@gmail.com",
        "password": "123",
        "address": "Thane",
        "previousOrg": "Google",
        "startDate": "Wed Jul 06 2022 15:53:04 GMT+0530 (India Standard Time)",
        "endDate": "Wed Jul 06 2022 15:53:04 GMT+0530 (India Standard Time)",
        "primarySkill": "Java",
        "priEx": 2,
        "secondarySkill": "Python",
        "secEx": 3,
        "isAdmin": false
    },
    {
        "fname": "Mayur",
        "lname": "Shinde",
        "gender": "M",
        "email": "mayur@gmail.com",
        "password": "123",
        "address": "Nerul",
        "previousOrg": "Atos",
        "startDate": "Wed Jul 06 2022 15:53:04 GMT+0530 (India Standard Time)",
        "endDate": "Wed Jul 06 2022 15:53:04 GMT+0530 (India Standard Time)",
        "primarySkill": "ML",
        "priEx": 1,
        "secondarySkill": "C++",
        "secEx": 1,
        "isAdmin": false
    }, 
    {
        "fname": "Nikhil",
        "lname": "Sewani",
        "gender": "M",
        "email": "nikhil@gmail.com",
        "password": "123",
        "address": "Ulhasnagar",
        "previousOrg": "Accenture",
        "startDate": "Wed Jul 06 2022 15:53:04 GMT+0530 (India Standard Time)",
        "endDate": "Wed Jul 06 2022 15:53:04 GMT+0530 (India Standard Time)",
        "primarySkill": "Python",
        "priEx": 1,
        "secondarySkill": "R",
        "secEx": 1,
        "isAdmin": false
    },
    {
        "fname": "Rutuja",
        "lname": "Bamgude",
        "gender": "F",
        "email": "rutuja@gmail.com",
        "password": "123",
        "address": "Kalyan",
        "previousOrg": "Capgemini",
        "startDate": "Wed Jul 06 2022 15:53:04 GMT+0530 (India Standard Time)",
        "endDate": "Wed Jul 06 2022 15:53:04 GMT+0530 (India Standard Time)",
        "primarySkill": "Python",
        "priEx": 1,
        "secondarySkill": "Java",
        "secEx": 1,
        "isAdmin": false
    },
    {
        "fname": "Bhagyashree",
        "lname": "Salunkhe",
        "gender": "F",
        "email": "bhagyashree@gmail.com",
        "password": "123",
        "address": "Mumbai",
        "previousOrg": "TCS",
        "startDate": "Wed Jul 06 2022 15:53:04 GMT+0530 (India Standard Time)",
        "endDate": "Wed Jul 06 2022 15:53:04 GMT+0530 (India Standard Time)",
        "primarySkill": "Python",
        "priEx": 2,
        "secondarySkill": ".net",
        "secEx": 1,
        "isAdmin": false
    },
    {
        "fname": "Atharva",
        "lname": "Godse",
        "gender": "M",
        "email": "atharva@gmail.com",
        "password": "123",
        "address": "Thane",
        "previousOrg": "Mindtree",
        "startDate": "Wed Jul 06 2022 15:53:04 GMT+0530 (India Standard Time)",
        "endDate": "Wed Jul 06 2022 15:53:04 GMT+0530 (India Standard Time)",
        "primarySkill": "Java",
        "priEx": 1,
        "secondarySkill": "R",
        "secEx": 1,
        "isAdmin": false
    },
    {
        "fname": "Harsh",
        "lname": "Raut",
        "gender": "M",
        "email": "harsh@gmail.com",
        "password": "123",
        "address": "Dhule",
        "previousOrg": "Kotak",
        "startDate": "Wed Jul 06 2022 15:53:04 GMT+0530 (India Standard Time)",
        "endDate": "Wed Jul 06 2022 15:53:04 GMT+0530 (India Standard Time)",
        "primarySkill": "Javascript",
        "priEx": 1,
        "secondarySkill": "C#",
        "secEx": 1,
        "isAdmin": false
    },
    {
        "fname": "Admin",
        "lname": "Manager",
        "gender": "M",
        "email": "admin@gmail.com",
        "password": "123",
        "address": "Mumbai",
        "previousOrg": "Adapty",
        "startDate": "Wed Jul 06 2022 15:53:04 GMT+0530 (India Standard Time)",
        "endDate": "Wed Jul 06 2022 15:53:04 GMT+0530 (India Standard Time)",
        "primarySkill": "Jvascript",
        "priEx": 2,
        "secondarySkill": "Javascript",
        "secEx": 3,
        "isAdmin": true
    }
]